{
    "accuracy_top-1": 69.655029296875,
    "accuracy_top-5": 89.57079315185547,
    "time": 269.10331060099725
}